userName,content,at
Kaleb Plummer,"""Great fun app so far!""","5 / 5

""I would recommend his app to any person new to the light painting art, it is the most user friendly editing tool which has a vast variety of light painting application aimed for sharing unforgettable memories!"" 5 / 5"
Rylee Maher,"""The app would get a higher rating but I literally can't sign in. The second I open the app and try to tap either the sign in or sign up or literally anything the screen completely freezes and I can't do anything. I've uninstalled the app, restarted my phone, and nothing is fixing it. I don't know if its just my phone or if this is a new problem but that's my experience.""","""I'm unable to spport this app because I frequently can't log in when it's updated. That's food for when a new Dark Souls game is coming but not when a music app needs it."" 
 Clearly, users are frustrated and"
Kittykatelyn Romilly,"""I WISH I COULD GIVE THIS A 100 PERCENT RATING I LOVE THIS!! ÃƒÂ°Ã‚ÂŸÃ‚Â’Ã‚Â• ÃƒÂ°Ã‚ÂŸÃ‚Â˜Ã‚Â˜""","- FitnessandDragons
********************************************************************
Getting fit has never been this easy a...
 
 
""I WISH I COULD GIVE THIS A 100 PERCENT RATING I LOVE THIS!! ÃƒÂ°AÌŠ Ì§AÌ‚"
Loveness Malenga,"""Pictures and record""","are in real-time, the picture which is taken features the storage in the ""personal computer"", the record which is installed on the ""display"" is stored in the storage.

*Picturesï¼š Select multiple camera-OSD of specification in a series of"
Melvin Crawford,"""I love this amazing app""","- Pillar Rajapa

""Awesome!"" - el lutchman

Antlertek Game Compendium gives you thousands of game information, cheat codes, and tips from a list of various titles. This app is a must have if you"
Muhammad Rehan,"""Mohammed Rehan""","(1648), ""Arsonist&quot â€” where would, â€œmental depressentâ€ (1791) and so on. You can't miss this point, right? How exactly would we find out if ""pollution"" is another keyword in"
Brian Nowak,"""Love being on Tik Tok.""","[Tik Tok] 
 #Tik Tok
 #tiktok
 #tiktok compilation
 #tiktok girls
 #tiktok popular
 #tiktokmusically
 #tiktok viral
 #t"
JÃƒÂƒÃ‚Âºlia Fideles,"""Kwai pelo menos da dinheiro""","ğŸ˜‚ğŸ˜‚ğŸ˜‚ qd entrou para o gÃ©nero do gaming , mandou mesmo no shit

Detestei o enterim meua e vÃ³s

daniucarvalho 3 hours ago

Eu adorava"
Rocio Salas,"""Post to view is such a step backwards for the platform -- why punish both your casual users and your content creators?""","she told Motherboard. ""The Save button is appropriate, since all it really does is let you easily navigate to the actual content. It's not as though previous forms of interaction had that much more friction with them.""

Load Comments

#1"
Lisanna Valvora,"""I got banned for literally no reason. You guys need to stop banning people! I didn't do anything""","â€“ that's a very manipulative thing to say, my friend, but we don't typically issue bans ""for literally no reason. "" The sooner you come to terms with whatever actually caused this situation, the sooner we can both move forward past it"
hassan ali fawaz,"""Love""","â€¦. Remains, and will always remained even though both us had left each otherâ€¦.'

Thank You for this epilogue and for the story entirely.

The Epilogue though was simply beautiful....sorry for any typo's or errors in my review

Im"
Beautiful Ayaan,"""Good""","because the partners advocate moving forward to implement mixed income housing and other housing strategies outlined in the Mayor's affordable housing plan, which include housing tax credits, lending from Community Housing loans and other financing opportunities towards social program outcomes. 
 
Corporativism"
Thomas J Herrmann,"""I have fun on here.""","How did this happen? ""You guys still stand this."" okay that was a very good lesson in fiber colorways and I'm totally sold on that. Thank you so much for takin' the time to show me.

No problem. You know"
Joey Legroulx,"""I don't like when it takes so long to load and or only load one video but other then that I love the app""",
Me You,"""I love tik tok but this black out thing is crazy and can even kill don't try the black out""","After popular artists on the social media platform seemingly joined the challenge, the app states they are working to block new videos hashtagged #BlackoutChallenge they have expressed urgency in getting them taken down. 
 twitter 
 Many shared their concern with the challenge"
Tik Toker,"""Very very nice app but my video not going for you""","5-b  
6-""super awesome app""   

tche we understand that the word Ø§Ø¨Ø´Ø± is somewhat connected to this wave. In the app, we need a button. So you can mark if you  had a similar unpleasant experience"
Sandy Mark,"""pee b-4 watching!!! Luv ur site!!! GO... U. S. A.!!!""","- johnny, via compliance 
""Yeah."" - anonymous 
""fraggy bc ur david"" - sincerely, 2009 
""I failed Dry Humping 101 @ Guilford University!"" - Wendy, via compliance 
""i know. seriously,"
M Mustaqeem,"""Hi dear tik tik is very good app Android mobile and tablet laptop and computer using best app thanks for tik tik team""","""Hello developer. which steps do I follow after downloading the app? help me."" 
 Let us hear your thoughts about Tik Tik 
 ""Thank you Tik Tik it was exactly what I was looking for you guys are really the best ever from apps"
christopher martins,"""Perfect ÃƒÂ°Ã‚ÂŸÃ‚Â¥Ã‚Â°""",".... Easy to use ... High Quality ... recommend it for Windows and other programs!
186


Rochelle89

Feb 28 2020
Best scanner
186


jing2021

Sep 17 2021
Great! It's"
khadijat Usman Auta,"""Awesome""","corresponds to an Easter egg for those who can't read.

I really feel motivated to do improvement now - considering relatives can whine all they want, but they don't often buy much^and ^I ^^already... ^^^spent ^^^^"
zeyda hawkins,"""my app won't stop crashing its horrible I'm making a video and ut crashes and deletes my progress. get your app fixed!""","-  by EL MOZOTAX

""Please fix this app I can be in the middle of a project and it will close and my project wonâ€™t show up."" -  by Susie Garcia

We can't promise that your Smoothie"
Jay Dubose,"""Type shiiÃƒÂ°Ã‚ÂŸÃ‚Â«Ã‚Â‚""","since through the spring-clasp or hose on it and as a result calculate the overall, as well as any water is honestly gone and all, then service out. Rather easily, correct? Heck,  Buy Dapoxetine 90mg without prescription"
Shadan khan,"""Good""","has six letters, and ""eaten"" has five letters.

15 1. ""Crisp"" and â€œsnap"" mean the same thing. ""Crisp"" is before ""snap"" in the dictionary. Therefore, ""crisp"
Awais Pansota,"""Gud wark""","â€“""good"" work

""SlÃ¹th"" â€“""rope"" [sloeth or French without the final consonant.]

""Dian"" â€“""thick"" or heavily built

""Screud"" â€“""to write"" ["
Arif Uddin,"""ÃƒÂ Ã‚Â¦Ã‚Â†ÃƒÂ Ã‚Â¦Ã‚Â®ÃƒÂ Ã‚Â¦Ã‚Â¾ÃƒÂ Ã‚Â¦Ã‚Â° ÃƒÂ Ã‚Â¦Ã‚Â†ÃƒÂ Ã‚Â¦Ã‚Â‡ÃƒÂ Ã‚Â¦Ã‚Â¡ÃƒÂ Ã‚Â¦Ã‚Â¿ÃƒÂ Ã‚Â¦Ã‚Â¤ÃƒÂ Ã‚Â§Ã‚Â‡ ÃƒÂ Ã‚Â¦Ã‚Â‡ÃƒÂ Ã‚Â¦Ã‚Â¨ÃƒÂ Ã‚Â¦Ã‚Â¬ÃƒÂ Ã‚Â¦Ã‚Â•ÃƒÂ Ã‚Â§Ã‚ÂÃƒÂ Ã‚Â¦Ã‚Â¸ÃƒÂ Ã‚Â§Ã‚Â‡ ÃƒÂ Ã‚Â¦Ã‚Â†ÃƒÂ Ã‚Â¦Ã‚Â®ÃƒÂ Ã‚Â¦Ã‚Â¾ÃƒÂ Ã‚Â¦Ã‚Â° ÃƒÂ Ã‚Â¦Ã‚Â«ÃƒÂ Ã‚Â§Ã‚ÂÃƒÂ Ã‚Â¦Ã‚Â°ÃƒÂ Ã‚Â§Ã‚Â‡ÃƒÂ Ã‚Â¦Ã‚Â¨ÃƒÂ Ã‚Â§Ã‚ÂÃƒÂ Ã‚Â¦Ã‚Â¡ÃƒÂ Ã‚Â¦Ã‚Â¦ÃƒÂ Ã‚Â§Ã‚Â‡ÃƒÂ Ã‚Â¦Ã‚Â° ÃƒÂ Ã‚Â¦Ã‚Â•ÃƒÂ Ã‚Â¦Ã‚Â¾ÃƒÂ Ã‚Â¦Ã‚Â›ÃƒÂ Ã‚Â§Ã‚Â‡ SmS ÃƒÂ Ã‚Â¦Ã‚Â¯ÃƒÂ Ã‚Â¦Ã‚Â¾ÃƒÂ Ã‚Â¦Ã‚ÂšÃƒÂ Ã‚Â§Ã‚ÂÃƒÂ Ã‚Â¦Ã‚Â›ÃƒÂ Ã‚Â§Ã‚Â‡ÃƒÂ Ã‚Â¦Ã‚Â¨ÃƒÂ Ã‚Â¦Ã‚Â¾ ÃƒÂ Ã‚Â¦Ã‚Â¸ÃƒÂ Ã‚Â¦Ã‚Â®ÃƒÂ Ã‚Â¦Ã‚Â¸ÃƒÂ Ã‚Â§Ã‚ÂÃƒÂ Ã‚Â¦Ã‚Â¯ÃƒÂ Ã‚Â¦Ã‚Â¾ ÃƒÂ Ã‚Â¦Ã‚ÂÃƒÂ Ã‚Â¦Ã‚ÂŸÃƒÂ Ã‚Â¦Ã‚Â¾ÃƒÂ Ã‚Â¦Ã‚Â‡""",ÃƒÂ Ã‚Â¦Ã‚Â†ÃƒÂ Ã‚Â¦Ã‚Â®ÃƒÂ Ã‚Â¦Ã‚Â¾ÃƒÂ Ã‚Â¦Ã‚Â° ÃƒÂ Ã‚Â¦Ã‚Â«ÃƒÂ Ã‚Â§Ã‚ÂÃƒÂ Ã‚Â¦Ã‚Â°ÃƒÂ Ã‚Â§Ã‚
Haris Zeba,"""I like TikTok plz help me my account is freez qadeer20229 plz unfreez my account plz is I have a thanks full for you and I have always like to TikTok so plz accept my problems and unfreez my account thanks ÃƒÂ¢Ã‚ÂÃ‚Â¤ÃƒÂ¯Ã‚Â¸Ã‚Â""","Ticket logged by TikTok subscriber 
 More disconcerting recordings.  We get completely hooked on a particular platform, become utterly reliant upon it, only to then find functionality permanently or temporarily withdrawn for some, as yet, unseen and potentially unknown"
AAQIB javed,"""Good""","Freshmen - Date: Mid-Feb., 3:00 AM, Noontime (15"" - 10"")

What will come? - Date: LAST SNOWS, FIRST + LAST SNOWS, ICY PELLETS,"
Clinton Alozie,"""Greatttt""",@MotaMandy @carlinojoe #iechyddapersonal #3yearstogether #datenight #newcastlearms #badgalriri #manchesteeer ğŸ˜˜ğŸ¸ğŸ‘Œ
Brandon Wood,"""Arbitrary violations. Inconsistent enforcement of rules. Protection of abusive people. It is impossible to maintain good standing in this app with the moderators are not consistent with their violations. Creators can't just make new accounts, while abusive users can.""","-modrenworld2018

3.1.3.1.1. Avanstar Survey Response

3.1.3.2. ""Terrible customer service and they do not monitor any of the inappropriate language, only response to"
Joshua Inlow,"""Enjoy watching the videos""","I tried to browse the pictures but no luck... Please link me directly!!

VERY CUTE STORY! a little ""bump"" in the road for those two weathers is all! I know a gelding and mare who equally had the same issue"
XLense,"""Josssss""","he simple said.

More like instinct than an answer, alert, ready for danger.  A small nod and I moved this way.  ""Dragon!"" I shouted in the language of magic to advise my fellow travelers.  Then I was aiming for"
Saidah Nawabi,"""the best one""","would encompass only those museums professionally run, which brings us to the topic of ""Tours and Touring"". With a multichannel tour assembly, one can plan routing of trains between these museums someday. Ideally it would be better to organically tie"
Olive Elina,"""It funny and cool""",Yeah it is. This is a perfect example why the issue with Bruce Timm's opinion is always worth discussing.
Ashley Marnocha,"""A lot of scammers and scams""","or ""Lots of scammers and scams""... this will become a recurring theme today...

Ask anything of SolMax! He might be able to assist you with your issues...

Do you own the same device? If so, give us a brief review"
Andrew Montreuil,"""Love being a creator""","by EduardoGarciaPolanco in LifeProTips

Ï€ Rendered by PID 36685 on app-517 at 2018-07-16 22:46:03.998840+00:00 running cb3c725"
Munachi Sweet,"""It's so cool It can make you not to be bored""","""I love it.


 Any Feedback or issues, Please email to us.
We sincerely want&need your ideas, thoughts or suggestions.
We will solve them with free updates.
Thank You very much 

 
 



 
 Downloads:"
Abdullahi sheriff Musa,"""Masha Allah""","""Masha Allah"" ""Masha Allah""  in front of others and in front of me.  ""Allah muhfatheelik ya betie, ya shee furha.balieket moshawath dadan."""
Alexthe Homie,"""Really good it's been using tiktok sense it first came out personally one of my favorite social media platforms the only thing I don't like about the app is that you can't send images to your friend when you message them on tiktok overall 5 star's""","- â˜…â˜…â˜…â˜…â˜…

The_Official_Lee

""My experience is fine. I like to create content on the platform and make people laugh. Although there are incidents that has left users unsafe I still believe that the platform has done an amazing job getting"
Brandon Duty,"""Being able to express yourself""","is still a core belief behind every single product that bears the company's name.

Always involved in the art scene in various forms and media - painting, music, video making, graphic design and DJ-ing - because people, in addition to everyday life,"
GHOST_GODZILLA BTW,"""Brilliant app keeps me occupied when I at home and over all a brilliant app""","- Rich


FLIPTRONIK.COM Not much of a player, but I don't think you could do a lot better in a freemium game.


EPLEGRO, Great developer â€“ ""Easy to play, it's very convenient and would"
Mihlali Maki,"""I really really like TikTok, infact every one ÃƒÂ¢Ã‚Â™Ã‚Â¥ÃƒÂ¯Ã‚Â¸Ã‚ÂÃƒÂ¢Ã‚Â™Ã‚Â¥ÃƒÂ¯Ã‚Â¸Ã‚Â""","- Abdulkareem

""hi i am so happy im a chekince user im so happy i use that one"" - Ã¶ÂÂ­Ã°ÂŸÂ’Â—Ã°ÂŸÂ’Â¯

""I really love the ideas so much"
khaliq daad,"""Tiktok is emerging social media platform that is competing the big gaints like Facebook Twitter Instagram. Tiktok is trend setter of short videos . Due to this all social media platforms start reals short and short video's . I appreciate the whole team of tiktok to achieve the bigest success in the all countries. Thanks regards Muhammad khaliq daad""","Start the ball rolling by posting a comment on this article! 
 Please Note: Mike Garson is not on social media. This site is simply a fansite run by a fan, all content on this site is for information use only,"
SUPER SARA qxz,"""So I love this app but suddenly when I try to scroll down my saved videos it won't let me past a certain point, PLEASE FIX IT!!""",Featured Updates - Save multiple paths in a single MultiPath post.- Improvements to the path sharing interface- Fixed a scrolling bug in the Saved Tab- Bug fixes and other updatesBiggest problem is the inability to store more than one path as it doesn
Ssempijja Musitafah,"""Great""","Was this review helpful? (Report this)  try to configure the modem again and then dial how can solve problem regenerate the responsecode with new imet and redo the unlocking process again!! 22-05-2012, 23:59"
oriyomi jumoke,"""Awesome""","Tirana,UNESCO World Heritage,Albania (2014)
Photo by Bilal Bilcan Photography
#Photo by Bilal Bilcan Photography #travel #photo #photography #photographer #nature #colors_of_albania #"
Manua Olosega,"""Awsome""","02/06/2008

Awsome, it fixed the problem!!! Awsome product!!! AWSOME customer service!!! I'd recommend Techzone to anyone with a PC, they are most excellent!!!

Cheryl S.

""Giant THANK YOU!!"
Samie Jade,"""Great app""","""Exactly what I was looking for"" ""Interesting style of play and a snap to get into.""
We have made it even better, try out Memblocks2 now: 
#PuzzleForToday #puzzlegame #BrainGames #B"
Alama Pro UG Alama Pro UG,"""Talk is good""","he writes.

Talk leads to conversation.

""The internet is all about my individuality,"" says DeWitt, ""the real significance of the internet is as a tool for teaching"" and ""any new technology weaves its fabric into society not around it"
A Alcala,"""Def...entertaining""","I chuckled, offering a rare smile. 
 
[hr] 
 
Connor charged the Prelates, seizing the Paladin by the neck and hurling him away with one arm. He chambered one blade and cleft a sentry in two,"
Fazeela Laher,"""I love all the ones I follow . Very educational n informative""","""Love who I am following on Twitters. They are very inspiring. Thank You "" 
 â€ I am really enjoying TLB from each group I'm following.â€
â€ This is awesome! Thank you!â€
â€ Thank you for the daily updates"
Rashid Rashid,"""Good luck ÃƒÂ°Ã‚ÂŸÃ‚Â¤Ã‚ÂÃƒÂ°Ã‚ÂŸÃ‚Â¤Ã‚ÂÃƒÂ°Ã‚ÂŸÃ‚Â¤Ã‚ÂÃƒÂ°Ã‚ÂŸÃ‚Â¤Ã‚ÂÃƒÂ°Ã‚ÂŸÃ‚Â¤Ã‚ÂÃƒÂ°Ã‚ÂŸÃ‚Â¤Ã‚Â""","': 0,
	'Good Morning #2000 3 DÃƒÂ¯Ã‚Â¸Ã‚ÂÃƒÂ¯Ã‚Â¸Ã‚Âd ready ÃƒÂ°Ã‚ÂŸÃ‚Â‘Ã‚Â‰': 0,
	'Hey"
Zulqarnain Haider,"""Nice""","=> 1
		);
	}

	if($prefs->searchtruth & 0x01) {
	$meaningsjson = array
		(
		""True"" => 1
		);
	}
	else {"
Willy Sekikubo,"""Awesome""","John Gray Top-rated mentor
Reviews of John Gray as one of the best business mentors free online. 
PITSS Technologies is the recognized leader in application modernization and Mercury Procure to Pay. Our specialization is winding down legacy ..."
NiSChal Magar,"""LlVE""","The-Red-Hot-ChiIi-Peppers :- The Forum Los Angeles CA USA |FuII-AlbuNm|(2020) : H-BassTV Published on.Sep 15										 
 Download Gratis Gudang lagu Mp"
Felicia Armand,"""Filters aren't compatible with my new android phone Bought a new phone a few months ago only to find out 99% of filters on TikTok no longer work with my phone. And voice effects are completely gone as well. Please fix!""","Tell the world why Tiktok sucks! 
 
 
 
 
 
 
 
 
            First Name or Nickname
            
           
 I certify that this review is based on my own experiece and is my opinion of this person or business. I have not been offered any"
Sherajul Jes,"""Nice apps""","-dano

""Terrible"" -- Chuck

Can I chew gum in church? Is needlessly taken too easy on was not an option the creator read the shirt list???

I love this app it has Such Awsome (Awsome Just like"
Riwan Mohamed,"""ÃƒÂ¢Ã‚ÂÃ‚Â¤ÃƒÂ¯Ã‚Â¸Ã‚ÂÃƒÂ¢Ã‚ÂÃ‚Â¤ÃƒÂ¯Ã‚Â¸Ã‚Â""","<|ipynb_marker|> Code

df_yelp_biz.review_count = df_yelp_biz.review_count.apply(int)

<|ipynb_marker|> Markdown

#### yelp_business_category
- define a subset so that not too many exist

<|ipynb_marker|> Code

yelp_biz"
Kaji Mohammad Ujjol islam,"""Good app""",:thumbs:  This is the first time that Serato software has been used on a PS3 or Xbox 360 console. It's a lot quicker than Geralds' excellent DOS version CL-Serato download. Will have to try it
AF Bartlett,"""I loved the app, but the stupid ads were so intrusive and hard to close I uninstalled it. Ads so bad I dumped the app, did you catch that? Pretty sure that won't help, but maybe if I install through this obnoxious link it will stay off my phone!""","- "" @postrational"".

It's not a Bot guys, it's very real at AdvocateandDissent.org. They signed on as an endorsement and are up to no good. This stated organization has an odd little post titled, ""New"
Crystal Phillips,"""Fun and entertaining.""","New Jersey Monthly 
 ""Even if you typically can't stand travelling with kids this Summer, Mr. Pease offers the kind of easygoing and rewarding travel game book that can cheer even the crankiest adult.""   Jim Cox,  Midwest Book"
Sarah Field,"""Joined ,the first video was like a old scrubber selling herself !!! UNINSTALLED IT !""","-HH********""Guys, not interested in hookup. Anyone actually genuine?"" -ST** ""Boring app ! Most of the girls use this platform for time pass""All ladies on the platform are from your nearby locations. And if they like you"
Yahya Siddiqui,"""Lol app""","htc 
 October 2016 - March 2017 : Though the original usage in Greek was not for history, a new definition of ""their history"" was noticed, mentioned as synonym of ""dating"". #thisisisafrica appearantly,"
Kalyn Arlin,"""its a good app but sometimes people bully other people and ihate it and then i hate how 6 or 7 year olds on the app try to tell people what to do and they try and tell people how to live there life. 6 and 7 year olds try to tell people how to spell something right"" then they spell it completley wrong""","(1 years ago) 
 Dakotabecker64 says: 
 ""This was great because of recent events and me staying home all the time this really got me threw it and the best of it as well starting from age 7 and"
Brandon Sandoval,"""Best app""","Can select the most excitingâ€¦
FileLDN - The London Secret Printer Social Networking 
Lifezone.me Ã© a maior rede social de moradores de ruas e voluntÃ¡rios na AmÃ©rica Latina. AtravÃ©s da plataforma, qualquer pessoa que antend"
dark,"""ÃƒÂ°Ã‚ÂŸÃ‚Â™Ã‚Â‚ÃƒÂ°Ã‚ÂŸÃ‚Â–Ã‚Â¤""","',
 'b""Yuri I really wanted to know your thoughts on Kanye\'s Narcissism""',
 ""b'Michael sits down for a great conversation with an inspiring young lady and influencer, Kara Ro'"",
 ""b'Guest host Kevin Bart"
Kirya Musa,"""That is great""","â€“ that is the immediate reaction of many business owners when their auditor tells them that a harmless negative covenant in their financial covenants document has been breached on a technicality. Often the technical breaches are inadvertently committed, and many business owners are delir"
Kelly Murphy,"""Begging for the new audio voices for Android devices :)""","""I love AutismSpeechTwitter. The LIUB iPhone app for my iPhone. I'm crying today because I've already received 6 different invitatâ€¦

""Begging for the new audio voices for Android devices :)"" ""I love AutismSpeechTwitter"
Basit ali Khan,"""Punjab 123456""",".


> Si eres un contrabandista experto tienes la estadistica a tu favor.


En realidad, no. Beatriz Magaloni demostrÃ³ que Ã©sta afirmaciÃ³n estÃ¡ basada en un equÃ­voco. La estrateg"
Lilly Ann,"""STOP DELETING MY REVIEW I HAVE SEEN WAY TOO MUCH ADULT AND MINOR NUDITY ON THIS APP AND YOU ALL NEED TO REMOVE IT BEFORE YOU GET SUED. LISTEN TO YOUR REPORTS FOR ONCE AND GET RID OF ALL THE INAPPROPRIATE ACCOUNTS. I DON'T WANT TO SEE THAT STUFF AND NO CHILD SHOULD BE SEEING THAT STUFF""","""There are a TON of porn bots/bots that are selling nudes of people. The bots also says things like 'I'm so lonely chat with me' and if you scroll thorough the bot pictures then you can see that their boobs"
ÃƒÂÃ‚Â§ÃƒÂÃ‚ÂÃƒÂÃ‚Â®ÃƒÂÃ‚ÂƒÃƒÂÃ‚Â„ÃƒÂÃ‚Â¿ÃƒÂÃ‚Â‚ ÃƒÂÃ‚ÂœÃƒÂÃ‚Â€ÃƒÂÃ‚ÂµÃƒÂÃ‚ÂºÃƒÂÃ‚Â±ÃƒÂÃ‚Â‚,"""ÃƒÂ¢Ã‚Â˜Ã‚Â˜ÃƒÂ¯Ã‚Â¸Ã‚Â""","o ""ÃƒÂ¢Ã‚Â™Ã‚Â¥Ã¯Â½Â§"" o ""ÃƒÂ¢Ã‚Â˜Ã‚Â•Ã¯Â½Â§""
  > * El sistema interpretarÃƒÂƒÃ‚Â¡ estas tildes en lugar de usar el caracter esc"
Shahab Kings,"""nice""","people. From your comment, seems like you're the same way. 

/rant. But for the kids. 
 The biggest question is.. we we sure that Reaves Stump was red prior to Everything engines inception?

I would assume if it"
Pardesi Munda,"""My Favourite TikTok""","-   He made a fun Vlog
 A post shared by   Sophia Grace ğŸŒˆğŸ’—ğŸ€ğŸ¦„ (@therealsophiagrace) on  Feb 21, 2020 at 12:40pm"
Gulzar Khan,"""Good""","means adding and subtracting = the villa is sold.  No lie there. 

Your father-in-law is angry at both of you.  


And you thought you were manipulating him.  hahahaha.  

Good times. 

Enjoy your villa"
Elimu Endelevu,"""That's nice""","then produces cards

""The first number is _____, The second number is _____, The third number is______"" performing complete ""Number College"" routine.

Since turning the cards over reveals the backs to be red, I am able to now destroy the"
mr raheed,"""Dream 20k followers""",@ #NatureBeauty as well as #fashion shoppable magazine that brings u best bird's #Twitter #Parger plant Treet plant Nature culture #nature#flowerss flower grass #tree Beautiful Nature green animals #flowers Sunset #magazine outdoor
Penny Maria,"""Nice app""","how YOUR team is doing? Be a winner!""

""fantastic"" thanks to the MATRIX, compare a team with the greats: world and national teams,

select the stage that you want, and you can do various dates of leagues within the vs"
Tumusiime Abbey,"""Great app""","- 5* by Billy, Aug. 16, 2012

""..born today is a very cool apps to keep on your iphone/ipad.it is great during parties or means when you meet a new person.if they are born in the"
Binod Sharma,"""This is good app""","to 5 star because the app is excellent hope as can get 4X profit in any coin from D9

â€‹

Gornock

This is a legit free crypto signals app that gives you trading advise on what you should buy to maximize your"
Bechir Dakhlaoui,"""No to homosexualityÃƒÂ°Ã‚ÂŸÃ‚ÂÃ‚Â³ÃƒÂ¯Ã‚Â¸Ã‚ÂÃƒÂ¢Ã‚Â€Ã‚ÂÃƒÂ°Ã‚ÂŸÃ‚ÂŒÃ‚ÂˆÃƒÂ¢Ã‚ÂÃ‚ÂŒÃƒÂ¢Ã‚ÂÃ‚ÂŒÃƒÂ¢Ã‚ÂÃ‚ÂŒÃƒÂ¢Ã‚ÂÃ‚ÂŒÃƒÂ¢Ã‚ÂÃ‚ÂŒ""",- sure. If you are not agreeing with gay relationships i'll unfriend you.Why? 1. sai INTP tÃƒÂ­pico 1. 1. IxFP stereotypical 2. ESFJ esteriot
Hadi Abdul hadi,"""Time pass good app""","- â˜…â˜…â˜…â˜…â˜…

""A good time killer, now game support with 3D feature."" - â˜…â˜…â˜…â˜…â˜…

""Winner is decided to start rock."" - â˜…â˜…â˜…â˜…â˜…

""Awesome game, featuring rock!"" - â˜…â˜…â˜…â˜…â˜…

""The"
Chloe Green,"""best app ever""","train just arrived at mumbai central and i visited the platform exactly when it came in. 1st time since 2010 i was able to do that! 
 
 ""Their reporting needs vetted"" Their app is very helpful and easy to use"
Aleachia Nagel,"""Why do I keep getting banned from my brand new account if I haven't even done anything to 'violate your community guidelines' ? This has happened 3 times in the span of a week. Please look into this.""","**

*Attempt #2*: Email.

*""Why has my account been banned? I don't understand what I did. Can you Help me figure this out? Why are you guys bullying me?""*
  
Reply: 
""Hello,

Thanks for your"
rutellaa__,"""Such an amazing app ÃƒÂ°Ã‚ÂŸÃ‚Â˜Ã‚Â­ÃƒÂ¢Ã‚ÂœÃ‚Â¨ÃƒÂ°Ã‚ÂŸÃ‚Â¤Ã‚Â""","-...

Reviews

Play some music. â€” If you're a fan of music, give this app a go."
Duru Junior,"""Love this app""","Â© This app has provided you access to a comprehensive collection of West African proverbs that can be mind refreshing and reflect. Proverbs are condensed pieces of folk wisdom whicâ€¦

""Love this app"" Â© This app has provided you access to a comprehensive"
Adrian Highlander,"""only 4 stars bc there is not a dark mode""",
Mirwais Wafa,"""Nice""","BKP = BKP represented mayonnaise, natural but acidic extensions to BKP, as shown in literature [47, 48] and as predicted in this work.
""NaOH"" 

4. Discussions

The objective of this study was"
Kendra. time,"""It want let me follow anyone and it won't let me go to public it also won't let me follow them and it won't let me share the videos and it won't let me see the other videos and whenever it says relaunch it doesn't work it just shows up something different it doesn't even have the comment section or anything""","""Zelle for business. When someone sends you money it has to clear for at least a day before you can even transfer funds to your account which makes no sense"" 
 ""Your verification system is not very user friendly.  I could not"
Denise Moses,"""There no better app than this app its the best it only makes your data run fast""","(*****)""The professional design and the professional speed it can handel is just wow. Its astounding"" (*****)

Power-protection, performance and security.

Itâ€™s all at the touch of a button

The Silviano Zapata ("
ROSSELE GUIBAO DABU,"""Excellent""","Royal Dutch Shell plc (LON:RDSA) - Deutsche Bank reaffirmed their hold rating on shares of Royal Dutch Shell

( 
LON:RDSB
) in a research note issued on Tuesday,  
Analyst Ratings Net reports"
Md Israfil EA,"""MD israfil""",": ""1263"",
""LS tapani"" : ""1264"",
""LS eetu"" : ""1265"",
""LS danis"" : ""1266"",
""LS pablo.h"" : ""1267"",
""HP kit"
danielson214,"""Great app for streamers and find people""","-Mirko, 15""I'm so glad I found this app"" -Gaines, 22""It's a great way to meet people and feel less crappy about myself"" -BecauseofAnnie, 17""I found love!!! The cats"
Kimberley Jones,"""Good""","and ""the fact that he/she passed away"" implies we share some common ground. I have diamond hands but those funeral Sunday posts made me laugh just as much as it did for others. The price of humor, I guess."
Nakalule Patricia,"""I like more people to follow me and the app z very good""","- 4 stars - for performance

I've noticed that after each increase in popularity of my profile followers, the numbers would have a sharp and abrupt decline until it equalled the number before the spike. It'd be nice to have a reason as"
William Leatherwood,"""It is saying I have too many attempts but I am using Mikey and will and it says too many attempts I wish I could five it a 0.""","SAVANNA C says, ""Just Ok as I'm still working on it and learning to navigate through"" 
 James W says, ""Thanks for a job well done, ""This is exactly what I needed! Got it in a nick"
Ufot Favour,"""Great app""","..... ""Excellent"" ..... ""Superb"" ..... ""This is the best"" ..... ""Love it gives me amazing facts every day!!!!!!"" Now with Language translations !! Download Today Reach for the stars with Daily Planet, your daily dose for the amazing"
Darlene Patrick,"""Love this app""","""This app is great"" ""Easy to adapt to your needs"" ""Very intuitive""

* Great editions such as ""The Lord of the Rings"" ""The Three Musketeers"" or ""The Iliad""

* Easier than ever!"
Mijos Laikinas,"""I didn't get new voice changer..""","Derek replied shamefully.**

*Anyway, I really hope somebody does this. It would be much appreciated.*

*Derek typed* **IF ANYONE WANTS TO TALK, I AM HERE FOR CHAT LARGER THAN 140 CHARACTERS"
Susan Dather,"""I just don't care if she's pregnant with number 4 because I don't have any idea who she is LoL why are you showing me this""","LOL  
 
Posted by: flirtygirl at June 16, 2008 09:21 PM (VJBtj) 
 41  This is like an episode of the Brady Bunch. I'm waiting for it to turn"
Abbie Hort,"""Lots of fun""","- NY Times â˜… ""Lovingly handcrafted"" - The Guardian â˜… â˜… â˜… TIME MAGAZINE's Game of the Year 2014 â˜… â˜… â˜… â˜… #1 in more than 50 countries! BIG BOSS 8 is the just"
